Cdigo;Descrio;Material;Malha;Fio;Largura;Unidade;Forma Fsica;Fracionvel;Classe ABC;Sub-classe ABC;Estoque;Estoque Valorizado;Em Trnsito (total);Em Produo (total);Cotado;PO Comprado;Em Produo (PO);Aguardando;Inserido em Invoice;Inserido em Container;Embarcado;Em Transbordo;Atracado Brasil;Liberado;Consumo Mdio/dia (Ano Atual);Consumo Mdio/dia (Ano Anterior);Consumo Mdio/dia (24m);Dias de Cobertura;Crtico;Preo Mdio;Dt_Ult_Movto
3;Arame Galvanizado - 10 BWG;GALVANIZADO;;10;;KG;Arame;No;A;A2;724; 6.098,90 ;0;0;0;0;0;0;0;0;0;0;0;0;4,8311;4,5041;5,029;143;No;0;14/05/2026
4;Arame Galvanizado - 12 BWG;GALVANIZADO;;;;KG;Arame;No;A;A1;672; 6.718,58 ;0;0;0;0;0;0;0;0;0;0;0;0;28,0405;26,1593;19,6988;34;No;0;14/05/2026
4;Arame Galvanizado - 12 BWG;GALVANIZADO;;12;;KG;Arame;Sim;A;A1;0; 6.718,58 ;0;0;0;0;0;0;0;0;0;0;0;0;0;0;10,3955;0;No;0;14/05/2026
5;Arame Galvanizado - 14 BWG;GALVANIZADO;;;;KG;Arame;No;A;A2;1125; 9.590,32 ;0;0;0;0;0;0;0;0;0;0;0;0;7,2649;7,5507;5,7164;196;No;0;26/05/2026
5;Arame Galvanizado - 14 BWG;GALVANIZADO;;14;;KG;Arame;Sim;A;A2;0; 9.590,32 ;0;0;0;0;0;0;0;0;0;0;0;0;0;0;4,4005;0;No;0;26/05/2026
6;Arame Galvanizado - 16 BWG;GALVANIZADO;;;;KG;Arame;No;C;C1;2435; 24.128,90 ;0;0;0;0;0;0;0;0;0;0;0;0;0,3378;0,3151;0,2259;9999;No;0;29/04/2026
6;Arame Galvanizado - 16 BWG;GALVANIZADO;;16;;KG;Arame;Sim;B;B1;0; 24.128,90 ;0;0;0;0;0;0;0;0;0;0;0;0;0;1,3104;1,125;0;No;0;29/04/2026
7;Arame Galvanizado - 18 BWG;GALVANIZADO;;;;KG;Arame;No;A;A1;3750; 51.033,84 ;0;0;0;0;0;0;0;0;0;0;0;0;12,2973;7,6712;6,3924;586;No;0;27/05/2026
7;Arame Galvanizado - 18 BWG;GALVANIZADO;;18;;KG;Arame;Sim;A;A2;0; 51.033,84 ;0;0;0;0;0;0;0;0;0;0;0;0;1,6614;0;3,0857;0;No;0;27/05/2026
8;Arame Galvanizado - 19 BWG;GALVANIZADO;;;;KG;Arame;No;B;B1;10316; 135.175,15 ;0;0;0;0;0;0;0;0;0;0;0;0;0;0,2138;1,0093;9999;No;0;26/05/2026
9;Arame Galvanizado - 20 BWG;GALVANIZADO;;20;;KG;Arame;No;A;A1;5594; 67.245,80 ;0;0;0;0;0;0;0;0;0;0;0;0;58,9181;2,2548;14,2971;391;No;0;27/05/2026
10;Arame Galvanizado - 21 BWG;GALVANIZADO;;21;;KG;Arame;No;A;A3;2442; 35.463,77 ;0;0;0;0;0;0;0;0;0;0;0;0;20,2703;0;4,2296;577;No;0;27/05/2026
100;Arame Galvanizado - 21 BWG;GALVANIZADO;;21;;KG;Arame;No;A;A2;0; -   ;0;0;0;0;0;0;0;0;0;0;0;0;0;2,1935;2,115;0;No;0;11/07/2025
11;Arame Galvanizado - 22 BWG;GALVANIZADO;;22;;KG;Arame;No;A;A1;9634; 121.743,09 ;0;0;0;0;0;0;0;0;0;0;0;0;14,0383;13,8565;17,2436;558;No;0;27/05/2026
12;Arame Galvanizado - 23 BWG;GALVANIZADO;;23;;KG;Arame;No;A;A1;6812; 85.238,37 ;0;0;0;0;0;0;0;0;0;0;0;0;6,1077;6,8133;16,652;409;No;0;27/05/2026
13;Arame Galvanizado - 24 BWG;GALVANIZADO;;24;;KG;Arame;No;A;A1;2195; 25.481,78 ;0;0;0;0;0;0;0;0;0;0;0;0;3,1081;7,0514;10,3293;212;No;0;27/05/2026
14;Arame Galvanizado - 25 BWG;GALVANIZADO;;25;;KG;Arame;No;A;A2;18552; 273.330,41 ;0;0;0;0;0;0;0;0;0;0;0;0;0,2432;1,904;3,1166;5952;No;0;27/05/2026
15;Arame Galvanizado - 26 BWG;GALVANIZADO;;26;;KG;Arame;No;A;A1;53803; 796.349,80 ;0;0;0;0;0;0;0;0;0;0;0;0;42,4595;27,2504;26,2524;2049;No;0;27/05/2026
16;Arame Galvanizado - 27 BWG;GALVANIZADO;;27;;KG;Arame;No;A;A2;17594; 340.064,02 ;0;0;0;0;0;0;0;0;0;0;0;0;4,1351;3,5475;2,858;6156;No;0;27/05/2026
16;Arame Galvanizado - 27 BWG;GALVANIZADO;;27;;KG;Arame;No;B;B1;0; 340.064,02 ;0;0;0;0;0;0;0;0;0;0;0;0;0;0,1919;0,5543;0;No;0;27/05/2026
17;Arame Galvanizado - 28 BWG;GALVANIZADO;;28;;KG;Arame;No;A;A1;20727; 379.577,32 ;0;0;0;0;0;0;0;0;0;0;0;0;0,1351;20,71;23,2593;891;No;0;27/05/2026
18;Arame Galvanizado - 30 BWG;GALVANIZADO;;30;;KG;Arame;No;A;A1;11510; 375.035,26 ;0;0;0;0;0;0;0;0;0;0;0;0;0,4054;17,3547;26,5398;433;No;0;27/05/2026
19;Arame Galvanizado - 31 BWG;GALVANIZADO;;31;;KG;Arame;No;A;A1;4868; 153.475,58 ;0;0;0;0;0;0;0;0;0;0;0;0;0;9,5515;8,0893;601;No;0;27/05/2026
20;Arame Galvanizado - 32 BWG;GALVANIZADO;;32;;KG;Arame;No;A;A1;15408; 527.511,37 ;0;0;0;0;0;0;0;0;0;0;0;0;3,5817;13,0195;30,8076;500;No;0;27/05/2026
21;Arame Galvanizado - 34 BWG;GALVANIZADO;;34;;KG;Arame;No;A;A2;1881; 58.542,99 ;0;0;0;0;0;0;0;0;0;0;0;0;4,4595;1,0334;1,7568;1070;No;0;05/05/2026
104;Arame Inoxidavel - AISI 304 - 0,250 mm;INOX 304;;0,25;;KG;Arame;No;A;A3;588; 27.010,81 ;0;0;0;0;0;0;0;0;0;0;0;0;0;3,5342;2,6678;220;No;0;29/10/2025
37144;Arame Inoxidavel - AISI 304 - 0,280 mm;INOX 304;;0,28;;KG;Arame;No;C;C2;934; 27.462,96 ;0;0;0;0;0;0;0;0;0;0;0;0;0,1351;0;0,0274;9999;No;0;25/03/2026
001.02.03.0001;Arame Inoxidavel - AISI 304 - 0,60 mm;INOX 304;;0,6;;KG;Arame;No;C;C2;80; 2.485,50 ;0;0;0;0;0;0;0;0;0;0;0;0;0;0,0822;0,0411;1948;No;0;17/06/2025
80;Arame Inoxidavel - AISI 304 - 0,700 mm;INOX 304;;0,7;;KG;Arame;No;B;B3;476; 15.222,48 ;0;0;0;0;0;0;0;0;0;0;0;0;0;0,0959;0,4408;1079;No;0;13/11/2025
77;Arame Inoxidavel - AISI 304 - 1,000mm;INOX 304;;1;;KG;Arame;Sim;C;C2;433; 12.243,94 ;0;0;0;0;0;0;0;0;0;0;0;0;0,0473;0;0,0096;9999;No;0;11/05/2026
27;Arame Inoxidavel - AISI 304 - 1,200 mm;INOX 304;;1,2;;KG;Arame;No;C;C2;862; 28.017,16 ;0;0;0;0;0;0;0;0;0;0;0;0;0;0;0,1643;5247;No;0;02/08/2024
119;Arame Inoxidavel - AISI 304 - 1,600 mm;INOX 304;;1,6;;KG;Arame;No;C;C1;703; 19.563,58 ;0;0;0;0;0;0;0;0;0;0;0;0;0,0203;0,063;0,2286;3075;No;0;30/04/2026
49114;Arame Inoxidavel - AISI 304 - 2,000 mm;INOX 304;;2;;KG;Arame;No;C;C1;493; 14.005,19 ;0;0;0;0;0;0;0;0;0;0;0;0;0,0405;0;0,3559;1385;No;0;10/04/2026
123;Arame Inoxidavel - AISI 304 - 3,400 mm;INOX 304;;3,4;;KG;Arame;No;B;B3;116; 2.615,89 ;0;0;0;0;0;0;0;0;0;0;0;0;7,6622;0;1,5522;74;No;0;13/04/2026
51;Arame Inoxidavel - AISI 304L - 0,150 mm;INOX 304;;0,15;;KG;Arame;No;B;B3;60; 4.215,49 ;0;0;0;0;0;0;0;0;0;0;0;0;0,8108;0,0685;0,1985;303;No;0;18/03/2026
149;Arame Inoxidavel - AISI 304L - 0,180 mm;INOX 304;;0,18;;KG;Arame;No;;;501; 12.580,62 ;0;0;0;0;0;0;0;0;0;0;0;0;0;0;0;9999;No;0;18/10/2023
152;Arame Inoxidavel - AISI 304L - 0,250 mm;INOX 304;;0,25;;KG;Arame;No;;;1542; 26.551,32 ;0;0;0;0;0;0;0;0;0;0;0;0;0;0;0;9999;No;0;12/12/2022
127;Arame Inoxidavel - AISI 304L - 0,350 mm;INOX 304;;0,35;;KG;Arame;No;C;C2;53; 1.707,98 ;0;0;0;0;0;0;0;0;0;0;0;0;0;0;0,0137;3871;No;0;25/11/2024
155;Arame Inoxidavel - AISI 304L - 0,400 mm;INOX 304;;0,4;;KG;Arame;No;C;C3;1146; 40.701,68 ;0;0;0;0;0;0;0;0;0;0;0;0;0;0,0014;0,0007;9999;No;0;04/07/2025
260;Arame Inoxidavel - AISI 304L - 0,45 mm;INOX 304;;0,45;;KG;Arame;No;C;C2;79; 2.156,08 ;0;0;0;0;0;0;0;0;0;0;0;0;0,0541;0,0027;0,0123;6412;No;0;29/04/2026
48479;Arame Inoxidavel - AISI 304L - 0,550 mm;INOX 304;;0,55;;KG;Arame;No;C;C1;1015; 39.790,71 ;0;0;0;0;0;0;0;0;0;0;0;0;0,0068;0;0,0424;9999;No;0;05/02/2026
172;Arame Inoxidavel - AISI 304L - 3,400 mm;INOX 304;;3,4;;KG;Arame;No;B;B3;14; 190,40 ;0;0;0;0;0;0;0;0;0;0;0;0;0,027;0;0,219;63;No;0;20/02/2026
52324;Arame Inoxidavel - AISI 316 - 2,800 mm;;;;;KG;Arame;No;C;C2;56; 2.980,21 ;0;0;0;0;0;0;0;0;0;0;0;0;0;0,1096;0,0548;1017;No;0;03/07/2025
266;Arame Inoxidavel - AISI 316L - 1,240 mm;INOX 316L;;1,24;;KG;Arame;No;C;C1;36; 1.419,79 ;0;0;0;0;0;0;0;0;0;0;0;0;0;0;0,1369;263;No;0;22/11/2024
49747;Arame Inoxidavel - AISI 430 - 0,800 mm;INOX 430;;0,8;;KG;Arame;No;;;780; 19.892,18 ;0;0;0;0;0;0;0;0;0;0;0;0;0;0;0;0;No;0;
2161;Arame Recozido - 28 BWG;GALVANIZADO;;28;;KG;Arame;No;B;B3;1217; 21.086,40 ;0;0;0;0;0;0;0;0;0;0;0;0;0;0,411;0,7583;1604;No;0;07/03/2025
42871;Cabo de Aco Inox AISI 316 Fio Torcido Revestido em Nylon;INOX 316;;;;M;Arame;No;A;A1;96885; -   ;0;0;0;0;0;0;0;0;0;0;0;0;121,6216;164,3836;124,562;777;No;0;17/04/2026
46068;Tecido Bronze.Fosforoso M150x160 f0,08 mm - Cruzado - I - 1,00m;BRONZE FOSFOROSO;150x160;0,08;1,00;M;Rolo;Sim;A;A1;3448; 221.082,66 ;0;0;0;0;0;0;0;0;0;0;0;0;8,8716;3,0712;8,5879;401;No;10,22;28/05/2026
54739;Chapa Expandida de Aluminio M4X2 Esp. 0,30mm 1,00m - C/ Cordao 0,35mm;ALUMINIO;4X2;;1,00;M;Chapa Expandida;Sim;;;198; 492,22 ;0;0;0;0;0;0;0;0;0;0;0;0;0,1689;0;0,0342;5786;No;0;25/05/2026
54725;Chapa Expandida Galvanizada M20X9 Esp. 0,75mm 1,00m - C/ Cordao 1,00mm - 0,10m;GALVANIZADO;20X9;;1,00;PC;Chapa Expandida;Sim;C;C2;150; 221,18 ;0;0;30000;0;0;0;0;0;0;0;0;0;0,3378;0;0,0684;2191;No;0;29/04/2026
54731;Chapa Expandida Galvanizada M20X9 Esp. 0,75mm 1,00m - C/ Cordao 1,00mm - 0,23m;GALVANIZADO;20X9;;1,00;PC;Chapa Expandida;Sim;C;C2;50; 173,12 ;0;0;30000;0;0;0;0;0;0;0;0;0;0,3378;0;0,0684;730;No;0;29/04/2026
54733;Chapa Expandida Galvanizada M20X9 Esp. 0,75mm 1,00m - C/ Cordao 1,00mm - 0,27m;GALVANIZADO;20X9;;1,00;PC;Chapa Expandida;Sim;C;C2;50; 205,15 ;0;0;30000;0;0;0;0;0;0;0;0;0;0,3378;0;0,0684;730;No;0;29/04/2026
54735;Chapa Expandida Galvanizada M20X9 Esp. 0,75mm 1,00m - C/ Cordao 1,00mm - 0,31m;GALVANIZADO;20X9;;1,00;PC;Chapa Expandida;Sim;C;C2;50; 237,01 ;0;0;30000;0;0;0;0;0;0;0;0;0;0,3378;0;0,0684;730;No;0;29/04/2026
1621.6;Chapa Perfurada Inox 304 ESP. 0,80mm E.C.2,00mm 1000mm 250mm C/ Furo Redondo 1,00mm;;;;;PC;Pedao;No;C;C3;4; 1.559,20 ;0;0;0;0;0;0;0;0;0;0;0;0;0,027;0;0,0055;730;No;0;18/05/2026
1621.7;Chapa Perfurada Inox 304 ESP. 0,80mm E.C.2,00mm 1200mm 800mm C/ Furo Redondo 1,00mm;;;;;PC;Pedao;No;C;C3;2; 3.325,80 ;0;0;0;0;0;0;0;0;0;0;0;0;0,0135;0;0,0027;730;No;0;18/05/2026
EFIX304DSM80F0,12D76;Elem. Filt. Inox 304 Disco M80 F. 0,12mm Diam. 76mm;INOX 304;80;0,12;;PC;Disco;No;C;C3;700; -   ;0;0;0;0;0;0;0;0;0;0;0;0;0;0,013;0,0065;9999;No;0;13/06/2025
46697;Filtro Circular p/ Maq e Peneiracao M100 f0,10mm - I - Diam.130mm;INOX DISCOS;100;0,1;;PC;Disco;Sim;;;2000; 573,20 ;0;0;0;0;0;0;0;0;0;0;0;0;0;0;0;0;No;0;
47182;Filtro Circular p/ Maq e Peneiracao M100 f0,10mm - I - Diam.236mm;INOX DISCOS;100;0,1;;PC;Disco;Sim;;;1000; 918,20 ;0;0;0;0;0;0;0;0;0;0;0;0;0;0;0;0;No;0;
47275;Filtro Circular p/ Maq e Peneiracao M100 f0,10mm - I - Diam.252mm;INOX DISCOS;100;0,1;;PC;Disco;Sim;;;34800; 33.815,16 ;0;0;0;0;0;0;0;0;0;0;0;0;0;0;0;0;No;0;
43061;Filtro Circular p/ Maq e Peneiracao M12 f0,63mm - D+ - Diam. 259mm;INOX DISCOS;12;0,63;;PC;Disco;Sim;;;400; 883,24 ;0;0;0;0;0;0;0;0;0;0;0;0;0;0;0;0;No;0;
46689;Filtro Circular p/ Maq e Peneiracao M12 f0,71mm - I - Diam. 250mm;INOX DISCOS;12;0,71;;PC;Disco;Sim;;;15000; 40.858,50 ;0;0;0;0;0;0;0;0;0;0;0;0;0;0;0;0;No;0;
47967;Filtro Circular p/ Maq e Peneiracao M120 f0,08mm Diam.203mm;INOX DISCOS;120;0,08;;PC;Disco;Sim;;;200; 135,46 ;0;0;0;0;0;0;0;0;0;0;0;0;0;0;0;0;No;0;
39932;Filtro Circular p/ Maq e Peneiracao M120 f0,08mm Diam.226,5mm;INOX DISCOS;120;0,08;;PC;Disco;Sim;;;900; 1.042,47 ;0;0;0;0;0;0;0;0;0;0;0;0;0;0;0;0;No;0;
47277;Filtro Circular p/ Maq e Peneiracao M120 f0,08mm Diam.252mm;INOX DISCOS;120;0,08;;PC;Disco;Sim;;;1300; 1.263,21 ;0;0;0;0;0;0;0;0;0;0;0;0;0;0;0;0;No;0;
43067;Filtro Circular p/ Maq e Peneiracao M12x60 f0,60x0,41mm - D+ - Diam.245mm;INOX DISCOS;12x60;0,60x0,41;;PC;Disco;Sim;;;450; 1.802,84 ;0;0;0;0;0;0;0;0;0;0;0;0;0;0;0;0;No;0;
43069;Filtro Circular p/ Maq e Peneiracao M12x60 f0,60x0,41mm Diam.276mm;INOX DISCOS;12x60;0,60x0,41;;PC;Disco;Sim;;;1900; 20.373,13 ;0;0;0;0;0;0;0;0;0;0;0;0;0;0;0;0;No;0;
46272;Filtro Circular p/ Maq e Peneiracao M12x64 f0,60x0,41mm Diam.305mm;INOX DISCOS;12x64;0,60x0,41;;PC;Disco;Sim;;;1600; 31.733,28 ;0;0;0;0;0;0;0;0;0;0;0;0;0;0;0;0;No;0;
45793;Filtro Circular p/ Maq e Peneiracao M12x64 f0,60x0,41mm Diam.350mm;INOX DISCOS;12x64;0,60x0,41;;PC;Disco;Sim;;;3100; 21.466,26 ;0;0;0;0;0;0;0;0;0;0;0;0;0;0;0;0;No;0;
45797;Filtro Circular p/ Maq e Peneiracao M150 f0,06mm Diam. 236mm;INOX DISCOS;150;0,06;;PC;Disco;Sim;;;1300; 1.554,41 ;0;0;0;0;0;0;0;0;0;0;0;0;0;0;0;0;No;0;
46258;Filtro Circular p/ Maq e Peneiracao M150 f0,06mm Diam. 275mm;INOX DISCOS;150;0,066;;PC;Disco;Sim;;;1250; 52.916,38 ;0;0;0;0;0;0;0;0;0;0;0;0;0;0;0;0;No;0;
46225;Filtro Circular p/ Maq e Peneiracao M16 f0,51m Diam. 254mm;INOX DISCOS;16;0,51;;PC;Disco;Sim;;;800; 1.518,72 ;0;0;0;0;0;0;0;0;0;0;0;0;0;0;0;0;No;0;
43077;Filtro Circular p/ Maq e Peneiracao M18 f0,41mm - D+ - Diam.150mm;INOX DISCOS;18;0,41;;PC;Disco;Sim;;;1150; 685,52 ;0;0;0;0;0;0;0;0;0;0;0;0;0;0;0;0;No;0;
48430;Filtro Circular p/ Maq e Peneiracao M18 f0,41mm - D+ - Diam.165mm;INOX DISCOS;18;0,41;;PC;Disco;Sim;;;1650; 1.689,77 ;0;0;0;0;0;0;0;0;0;0;0;0;0;0;0;0;No;0;
50857;Filtro Circular p/ Maq e Peneiracao M18 f0,41mm Diam.225mm;INOX DISCOS;18;0,41;;PC;Disco;Sim;;;1600; 51.482,72 ;0;0;0;0;0;0;0;0;0;0;0;0;0;0;0;0;No;0;
50859;Filtro Circular p/ Maq e Peneiracao M18 f0,41mm Diam.240mm;INOX DISCOS;18;0,41;;PC;Disco;Sim;;;2042; 65.704,82 ;0;0;0;0;0;0;0;0;0;0;0;0;0;0;0;0;No;0;
47977;Filtro Circular p/ Maq e Peneiracao M20 f0,41mm - I - Diam. 195mm;INOX DISCOS;20;0,41;;PC;Disco;Sim;C;C3;400; 311,12 ;0;0;0;0;0;0;0;0;0;0;0;0;0;0,0041;0,0021;9999;No;0;25/11/2025
46709;Filtro Circular p/ Maq e Peneiracao M20 f0,41mm - I - Diam. 50mm;INOX DISCOS;20;0,41;;PC;Disco;Sim;;;2000; 185,40 ;0;0;0;0;0;0;0;0;0;0;0;0;0;0;0;0;No;0;
46705;Filtro Circular p/ Maq e Peneiracao M20 f0,41mm - I - Diam. 65mm;INOX DISCOS;20;0,41;;PC;Disco;Sim;;;2750; 383,08 ;0;0;0;0;0;0;0;0;0;0;0;0;0;0;0;0;No;0;
47195;Filtro Circular p/ Maq e Peneiracao M20 f0,41mm - I - Diam. 69mm;INOX DISCOS;20;0,41;;PC;Disco;Sim;;;2500; 365,50 ;0;0;0;0;0;0;0;0;0;0;0;0;0;0;0;0;No;0;
47975;Filtro Circular p/ Maq e Peneiracao M20 f0,41mm - I - Diam. 85mm;INOX DISCOS;20;0,41;;PC;Disco;Sim;;;4000; 846,00 ;0;0;0;0;0;0;0;0;0;0;0;0;0;0;0;0;No;0;
47186;Filtro Circular p/ Maq e Peneiracao M20 f0,41mm - I - Diam.100mm;INOX DISCOS;20;0,41;;PC;Disco;Sim;;;21800; 6.136,70 ;0;0;0;0;0;0;0;0;0;0;0;0;0;0;0;0;No;0;
46695;Filtro Circular p/ Maq e Peneiracao M20 f0,41mm - I - Diam.123,5mm;INOX DISCOS;20;0,41;;PC;Disco;Sim;;;2000; 64.353,40 ;0;0;0;0;0;0;0;0;0;0;0;0;0;0;0;0;No;0;
47191;Filtro Circular p/ Maq e Peneiracao M20 f0,41mm - I - Diam.155mm;INOX DISCOS;20;0,41;;PC;Disco;Sim;C;C3;8350; 5.501,82 ;0;0;0;0;0;0;0;0;0;0;0;0;0;0,0073;0,0037;9999;No;0;24/07/2025
46811;Filtro Circular p/ Maq e Peneiracao M20 f0,41mm - I - Diam.225mm;INOX DISCOS;20;0,41;;PC;Disco;Sim;;;10900; 7.432,17 ;0;0;0;0;0;0;0;0;0;0;0;0;0,0416;0;0,0084;9999;No;0;26/05/2026
46817;Filtro Circular p/ Maq e Peneiracao M20 f0,41mm - I - Diam.262mm;INOX DISCOS;20;0,41;;PC;Disco;Sim;;;1800; 2.764,98 ;0;0;0;0;0;0;0;0;0;0;0;0;0;0;0;0;No;0;
39884;Filtro Circular p/ Maq e Peneiracao M20 f0,41mm Diam.150mm;INOX DISCOS;20;0,4;;PC;Disco;Sim;;;9800; 5.406,66 ;0;0;0;0;0;0;0;0;0;0;0;0;0;0;0;9999;No;0;10/02/2023
39926;Filtro Circular p/ Maq e Peneiracao M20 f0,41mm Diam.203mm;INOX DISCOS;20;0,41;;PC;Disco;Sim;C;C2;16300; 2.117,37 ;0;0;0;0;0;0;0;0;0;0;0;0;0;0,0228;0,0114;9999;No;0;02/10/2025
47193;Filtro Circular p/ Maq e Peneiracao M20 f0,46mm - I - Diam.180mm;INOX DISCOS;20;0,46;;PC;Disco;Sim;;;1050; 1.007,90 ;0;0;0;0;0;0;0;0;0;0;0;0;0;0;0;0;No;0;
39934;Filtro Circular p/ Maq e Peneiracao M24 f0,41mm Diam.226,5mm;INOX DISCOS;24;0,41;;PC;Disco;Sim;;;6050; 10.964,42 ;0;0;0;0;0;0;0;0;0;0;0;0;0;0;0;9999;No;0;07/12/2022
42706;Filtro Circular p/ Maq e Peneiracao M24x110 f0,25x0,36mm - D+ - Diam.152mm;INOX DISCOS;24x110;0,25x0,36;;PC;Disco;Sim;;;41500; 33.237,35 ;0;0;0;0;0;0;0;0;0;0;0;0;0;0;0;0;No;0;
42716;Filtro Circular p/ Maq e Peneiracao M24x110 f0,25x0,36mm - D+ - Diam.230mm;INOX DISCOS;24x110;0,25x0,36;;PC;Disco;Sim;;;1550; 3.629,95 ;0;0;0;0;0;0;0;0;0;0;0;0;0;0;0;0;No;0;
42096;Filtro Circular p/ Maq e Peneiracao M24x110 f0,36x0,25mm Diam. 230mm;INOX DISCOS;24x110;0,36x0,25;;PC;Disco;Sim;;;2000; 4.964,00 ;0;0;0;0;0;0;0;0;0;0;0;0;0;0;0;0;No;0;
45786;Filtro Circular p/ Maq e Peneiracao M24x110 f0,36x0,25mm Diam. 253mm;INOX DISCOS;24x110;0,25x0,36;;PC;Disco;Sim;;;1800; 4.905,00 ;0;0;0;0;0;0;0;0;0;0;0;0;0;0;0;0;No;0;
42090;Filtro Circular p/ Maq e Peneiracao M24x110 f0,36x0,25mm Diam. 300mm;INOX DISCOS;24x110;0,36x0,25;;PC;Disco;Sim;;;1400; 5.587,54 ;0;0;0;0;0;0;0;0;0;0;0;0;0;0;0;0;No;0;
39950;Filtro Circular p/ Maq e Peneiracao M24x110 f0,36x0,25mm Diam.250mm;INOX DISCOS;24x110;0,36x0,25;;PC;Disco;Sim;;;3600; 115.836,12 ;0;0;0;0;0;0;0;0;0;0;0;0;0;0;0;0;No;0;
39962;Filtro Circular p/ Maq e Peneiracao M24x110 f0,36x0,25mm Diam.298mm;INOX DISCOS;24x110;0,36x0,25;;PC;Disco;Sim;;;1214; 39.062,51 ;0;0;0;0;0;0;0;0;0;0;0;0;0;0;0;0;No;0;
42718;Filtro Circular p/ Maq e Peneiracao M30 f0,30mm - D+ - Diam.248mm;INOX DISCOS;30;0,3;;PC;Disco;Sim;;;1000; 1.338,00 ;0;0;0;0;0;0;0;0;0;0;0;0;0;0;0;0;No;0;
46701;Filtro Circular p/ Maq e Peneiracao M30 f0,30mm - I - Diam.170mm;INOX DISCOS;30;0,3;;PC;Disco;Sim;;;6000; 4.152,00 ;0;0;0;0;0;0;0;0;0;0;0;0;0;0;0;0;No;0;
47082;Filtro Circular p/ Maq e Peneiracao M30 f0,30mm - I - Diam.208mm;INOX DISCOS;30;0,3;;PC;Disco;Sim;;;2200; 2.095,50 ;0;0;0;0;0;0;0;0;0;0;0;0;0;0;0;0;No;0;
39912;Filtro Circular p/ Maq e Peneiracao M30 f0,30mm Diam.182mm;INOX DISCOS;30;0,3;;PC;Disco;Sim;;;2900; 93.312,43 ;0;0;0;0;0;0;0;0;0;0;0;0;0;0;0;0;No;0;
39948;Filtro Circular p/ Maq e Peneiracao M30 f0,30mm Diam.248mm;INOX DISCOS;30;0,3;;PC;Disco;Sim;;;64200; 2.065.744,14 ;0;0;0;0;0;0;0;0;0;0;0;0;0,0277;0;0,0056;9999;No;0;26/05/2026
43104;Filtro Circular p/ Maq e Peneiracao M40 f0,20mm - D+ - Diam.110mm;INOX DISCOS;40;0,2;;PC;Disco;Sim;;;4500; 984,60 ;0;0;0;0;0;0;0;0;0;0;0;0;0;0;0;0;No;0;
43115;Filtro Circular p/ Maq e Peneiracao M40 f0,20mm - D+ - Diam.135mm;INOX DISCOS;40;0,2;;PC;Disco;Sim;;;15500; 905,20 ;0;0;0;0;0;0;0;0;0;0;0;0;0;0;0;0;No;0;
43113;Filtro Circular p/ Maq e Peneiracao M40 f0,20mm - D+ - Diam.200mm;INOX DISCOS;40;0,2;;PC;Disco;Sim;C;C1;100; 63,33 ;0;0;0;0;0;0;0;0;0;0;0;0;0,0706;0,0112;0,0199;5019;No;0;30/04/2026
48428;Filtro Circular p/ Maq e Peneiracao M40 f0,20mm - D+ - Diam.203mm;INOX DISCOS;40;0,2;;PC;Disco;Sim;;;8700; 10.593,12 ;0;0;0;0;0;0;0;0;0;0;0;0;0;0;0;0;No;0;
43125;Filtro Circular p/ Maq e Peneiracao M40 f0,20mm - D+ - Diam.274mm;INOX DISCOS;40;0,2;;PC;Disco;Sim;;;300; 378,69 ;0;0;0;0;0;0;0;0;0;0;0;0;0;0;0;0;No;0;
43119;Filtro Circular p/ Maq e Peneiracao M40 f0,20mm - D+ - Diam.350mm;INOX DISCOS;40;0,2;;PC;Disco;Sim;;;2000; 3.601,60 ;0;0;0;0;0;0;0;0;0;0;0;0;0;0;0;0;No;0;
47273;Filtro Circular p/ Maq e Peneiracao M40 f0,20mm - I - Diam.252mm;INOX DISCOS;40;0,2;;PC;Disco;Sim;;;31700; 26.970,36 ;0;0;0;0;0;0;0;0;0;0;0;0;0;0;0;0;No;0;
46828;Filtro Circular p/ Maq e Peneiracao M40 f0,20mm - I - Diam.254mm;INOX DISCOS;40;0,2;;PC;Disco;Sim;C;C1;8700; 8.606,91 ;0;0;0;0;0;0;0;0;0;0;0;0;0,1318;0,0356;0,0445;9999;No;0;22/04/2026
47203;Filtro Circular p/ Maq e Peneiracao M40 f0,20mm - I - Diam.260mm;INOX DISCOS;40;0,2;;PC;Disco;Sim;;;1500; 1.543,80 ;0;0;0;0;0;0;0;0;0;0;0;0;0;0;0;0;No;0;
46830;Filtro Circular p/ Maq e Peneiracao M40 f0,20mm - I - Diam.303mm;INOX DISCOS;40;0,2;;PC;Disco;Sim;;;3110; 2.253,51 ;0;0;0;0;0;0;0;0;0;0;0;0;0;0;0;0;No;0;
47211;Filtro Circular p/ Maq e Peneiracao M40 f0,23mm - I - Diam.250mm;INOX DISCOS;40;0,23;;PC;Disco;Sim;C;C2;1400; 1.578,50 ;0;0;0;0;0;0;0;0;0;0;0;0;0;0,0699;0,0349;9999;No;0;05/08/2025
47983;Filtro Circular p/ Maq e Peneiracao M40 f0,23mm - I - Diam.85mm;INOX DISCOS;40;0,23;;PC;Disco;Sim;;;2000; 318,80 ;0;0;0;0;0;0;0;0;0;0;0;0;0;0;0;0;No;0;
39942;Filtro Circular p/ Maq e Peneiracao M40 f0,23mm Diam.240mm;INOX DISCOS;40;0,23;;PC;Disco;Sim;;;2500; 80.441,75 ;0;0;0;0;0;0;0;0;0;0;0;0;0;0;0;0;No;0;
47985;Filtro Circular p/ Maq e Peneiracao M40x50 f0,25mm - I - Diam.300mm;INOX DISCOS;40x50;0,25;;PC;Disco;Sim;;;7061; 18.177,13 ;0;0;0;0;0;0;0;0;0;0;0;0;0;0;0;0;No;0;
47215;Filtro Circular p/ Maq e Peneiracao M50 f0,20mm Diam.100mm;INOX DISCOS;50;0,2;;PC;Disco;Sim;;;1800; 433,80 ;0;0;0;0;0;0;0;0;0;0;0;0;0;0;0;0;No;0;
39936;Filtro Circular p/ Maq e Peneiracao M50 f0,20mm Diam.226,5mm;INOX DISCOS;50;0,2;;PC;Disco;Sim;C;C2;235; 7.561,52 ;0;0;0;0;0;0;0;0;0;0;0;0;0,1453;0;0,0294;7985;No;0;07/05/2026
47957;Filtro Circular p/ Maq e Peneiracao M60 f0,16mm - I - Diam.203mm;INOX DISCOS;60;0,16;;PC;Disco;Sim;;;5500; 4.312,55 ;0;0;0;0;0;0;0;0;0;0;0;0;0;0;0;0;No;0;
47217;Filtro Circular p/ Maq e Peneiracao M60 f0,16mm - I - Diam.250mm;INOX DISCOS;60;0,16;;PC;Disco;Sim;;;17300; 17.718,66 ;0;0;0;0;0;0;0;0;0;0;0;0;0;0;0;0;No;0;
47270;Filtro Circular p/ Maq e Peneiracao M60 f0,16mm - I - Diam.252mm;INOX DISCOS;60;0,16;;PC;Disco;Sim;;;82600; 79.915,50 ;0;0;0;0;0;0;0;0;0;0;0;0;0;0;0;0;No;0;
46836;Filtro Circular p/ Maq e Peneiracao M60 f0,16mm - I - Diam.253mm;INOX DISCOS;60;0,16;;PC;Disco;Sim;;;2000; 2.133,60 ;0;0;0;0;0;0;0;0;0;0;0;0;0;0;0;0;No;0;
47229;Filtro Circular p/ Maq e Peneiracao M60 f0,16mm - I - Diam.262mm;INOX DISCOS;60;0,16;;PC;Disco;Sim;;;2100; 2.263,59 ;0;0;0;0;0;0;0;0;0;0;0;0;0;0;0;0;No;0;
47226;Filtro Circular p/ Maq e Peneiracao M60 f0,16mm - I - Diam.69mm;INOX DISCOS;60;0,16;;PC;Disco;Sim;C;C2;1900; 201,78 ;0;0;0;0;0;0;0;0;0;0;0;0;0;0,0077;0,0038;9999;No;0;31/10/2025
47961;Filtro Circular p/ Maq e Peneiracao M60 f0,16mm - I - Diam.85mm;INOX DISCOS;60;0,16;;PC;Disco;Sim;;;3700; 545,75 ;0;0;0;0;0;0;0;0;0;0;0;0;0;0;0;0;No;0;
39930;Filtro Circular p/ Maq e Peneiracao M60 f0,16mm Diam.207mm;INOX DISCOS;60;0,16;;PC;Disco;Sim;;;5332; 171.566,16 ;0;0;0;0;0;0;0;0;0;0;0;0;0;0;0;0;No;0;
39895;Filtro Circular p/ Maq e Peneiracao M60 f0,18mm Diam.152mm;INOX DISCOS;60;0,18;;PC;Disco;Sim;C;C1;603; 341,06 ;0;0;0;0;0;0;0;0;0;0;0;0;0,5311;0,2153;0,2152;2802;No;0;07/04/2026
39944;Filtro Circular p/ Maq e Peneiracao M60 f0,18mm Diam.240mm;INOX DISCOS;60;0,18;;PC;Disco;Sim;;;12480; 401.565,22 ;0;0;0;0;0;0;0;0;0;0;0;0;0;0;0;0;No;0;
42724;Filtro Circular p/ Maq e Peneiracao M80 f0,12mm - D+ - Diam.276mm;INOX DISCOS;80;0,12;;PC;Disco;Sim;;;10800; 11.919,96 ;0;0;0;0;0;0;0;0;0;0;0;0;0;0;0;0;No;0;
46703;Filtro Circular p/ Maq e Peneiracao M80 f0,12mm - I - Diam.170mm;INOX DISCOS;80;0,12;;PC;Disco;Sim;;;2900; 3.880,20 ;0;0;0;0;0;0;0;0;0;0;0;0;0;0;0;0;No;0;
46838;Filtro Circular p/ Maq e Peneiracao M80 f0,12mm - I - Diam.203mm;INOX DISCOS;80;0,12;;PC;Disco;Sim;;;7000; 4.302,20 ;0;0;0;0;0;0;0;0;0;0;0;0;0;0;0;0;No;0;
47240;Filtro Circular p/ Maq e Peneiracao M80 f0,12mm - I - Diam.236mm;INOX DISCOS;80;0,12;;PC;Disco;Sim;;;1200; 1.082,04 ;0;0;0;0;0;0;0;0;0;0;0;0;0;0;0;0;No;0;
47236;Filtro Circular p/ Maq e Peneiracao M80 f0,12mm - I - Diam.350mm;INOX DISCOS;80;0,12;;PC;Disco;Sim;;;4500; 7.842,15 ;0;0;0;0;0;0;0;0;0;0;0;0;0;0;0;0;No;0;
45795;Filtro Circular p/ Maq e Peneiracao M80 f0,12mm Diam. 256mm;INOX DISCOS;80;0,12;;PC;Disco;Sim;C;C1;1200; 1.097,40 ;0;0;0;0;0;0;0;0;0;0;0;0;0,1757;0,0534;0,0623;9999;No;0;22/04/2026
49945;Filtro Nevoa Tela Tricotada Inox 304;INOX 304;;;;PC;Tricotada;No;B;B1;6; -   ;0;0;0;0;0;0;0;0;0;0;0;0;0,0135;0,0219;0,0274;219;No;0;27/01/2026
51620;Filtro Nevoa Tela Tricotada Inox 316L;INOX 316;;;;PC;Filtro Nvoa;No;C;C1;0; -   ;0;0;0;0;0;0;0;0;0;0;0;0;0,0135;0,0411;0,0233;0;No;0;03/03/2026
40020015;FIO DE COBRE NU 0,200MM ELETROLITICO;;;;;KG;Arame;No;;;189; 19.508,49 ;0;0;0;0;0;0;0;0;0;0;0;0;0;0;0;0;No;0;
DINOX30412779/A3;INOX 304 M16 F0,40mm;INOX 304;16;0,4;;PC;Filtro Nvoa;No;;;1; -   ;0;0;0;0;0;0;0;0;0;0;0;0;0;0;0;0;No;0;
DINOX30412780/A3;Inox 304 M16 F0,40mm;INOX 304;16;0,4;;PC;Filtro Nvoa;No;;;1; -   ;0;0;0;0;0;0;0;0;0;0;0;0;0;0;0;0;No;0;
Brinde;Kit calendario + Fichario;;;;;UN;Utensilios;No;C;C3;0; -   ;0;0;0;0;0;0;0;0;0;0;0;0;0;0;0,0014;0;No;0;04/12/2024
004.00.00.0006;LIXEIRA BASCULANTE PRETO 14 LITROS;;;;;UN;Utensilios;No;C;C2;0; -   ;0;0;0;0;0;0;0;0;0;0;0;0;0;0,0438;0,0219;0;No;0;06/05/2025
51826;Nylon M50 f0,20mm 1,20m;NYLON;50;0,2;1,20;M;Rolo;Sim;;;60; -   ;0;0;0;0;0;0;0;0;0;0;0;0;0;0;0;0;No;0;
PNALM14F0,251,00M;Peneira Aluminio M14 F. 0,25mm 1,00m;ALUMNIO;14;0,25;1,00;PC;Rolo;No;;;150; 328,56 ;0;0;0;0;0;0;0;0;0;0;0;0;0;0;0;0;No;0;
PNALM14F0,251,20M;Peneira Aluminio M14 F. 0,25mm 1,20m;ALUMNIO;14;0,25;1,20;PC;Rolo;No;;;120; 305,23 ;0;0;0;0;0;0;0;0;0;0;0;0;0;0;0;0;No;0;
PNALM14F0,361,00M;Peneira Aluminio M14 F. 0,36mm 1,00m;ALUMNIO;14;0,36;1,00;PC;Rolo;No;;;180; -   ;0;0;0;0;0;0;0;0;0;0;0;0;0;0;0;0;No;0;
PNALM14F0,361,20M;Peneira Aluminio M14 F. 0,36mm 1,20m;ALUMNIO;14;0,36;1,20;PC;Rolo;No;C;C1;150; -   ;0;0;0;0;0;0;0;0;0;0;0;0;1,6216;0;0,3285;456;No;0;13/04/2026
PNALM14F0,361,50M;Peneira Aluminio M14 F. 0,36mm 1,50m;ALUMNIO;14;0,36;1,50;PC;Rolo;No;;;60; -   ;0;0;0;0;0;0;0;0;0;0;0;0;0;0;0;0;No;0;
PNGVM10BWG201M;Peneira Galv. M10 BWG 20 1,00 m;GALVANIZADO;10;20;1,00;PC;Rolo;No;;;30; -   ;0;0;0;0;0;0;0;0;0;0;0;0;0;0;0;0;No;0;
PNGVM10BWG201.2M;Peneira Galv. M10 BWG 20 1,20 m;GALVANIZADO;10;20;1,20;PC;Rolo;No;;;30; -   ;0;0;0;0;0;0;0;0;0;0;0;0;0;0;0;0;No;0;
PNGVM10BWG221M;Peneira Galv. M10 BWG 22 1,00 m;GALVANIZADO;10;22;1,00;PC;Rolo;No;;;90; -   ;0;0;0;0;0;0;0;0;0;0;0;0;0;0;0;0;No;0;
PNGVM10BWG241M;Peneira Galv. M10 BWG 24 1,00 m;GALVANIZADO;10;24;1,00;PC;Rolo;No;;;30; 608,18 ;0;0;0;0;0;0;0;0;0;0;0;0;0;0;0;0;No;0;
PNGVM10BWG281.12M;Peneira Galv. M10 BWG 28 1,12 m;GALVANIZADO;10;28;1,12;PC;Rolo;No;;;800; -   ;0;0;0;0;0;0;0;0;0;0;0;0;0;0;0;0;No;0;
PNGVM10BWG281.2M;Peneira Galv. M10 BWG 28 1,20 m;GALVANIZADO;10;28;1,20;PC;Rolo;No;;;90; -   ;0;0;0;0;0;0;0;0;0;0;0;0;0;0;0;0;No;0;
PNGVM12BWG221,00M;Peneira Galv. M12 BWG 22 1,00m;GALVANIZADO;12;22;1,00;PC;Rolo;No;;;57; -   ;0;0;0;0;0;0;0;0;0;0;0;0;0;0;0;0;No;0;
PNGVM12BWG221,04M;Peneira Galv. M12 BWG 22 1,04m;GALVANIZADO;12;22;1,04;PC;Rolo;No;;;30; -   ;0;0;0;0;0;0;0;0;0;0;0;0;0;0;0;0;No;0;
PNGVM12BWG221.2M;Peneira Galv. M12 BWG 22 1,20 m;GALVANIZADO;12;22;1,20;PC;Rolo;No;;;30; -   ;0;0;0;0;0;0;0;0;0;0;0;0;0;0;0;0;No;0;
PNGVM12BWG241.2M;Peneira Galv. M12 BWG 24 1,20 m;GALVANIZADO;12;24;1,20;PC;Rolo;No;;;30; -   ;0;0;0;0;0;0;0;0;0;0;0;0;0;0;0;0;No;0;
PNGVM12BWG261M;Peneira Galv. M12 BWG 26 1,00 m;GALVANIZADO;12;26;1,00;PC;Rolo;No;;;6; -   ;0;0;0;0;0;0;0;0;0;0;0;0;0;0;0;0;No;0;
PNGVM12BWG261.2M;Peneira Galv. M12 BWG 26 1,20 m;GALVANIZADO;12;26;1,20;PC;Rolo;No;;;80; -   ;0;0;0;0;0;0;0;0;0;0;0;0;0;0;0;0;No;0;
PNGVM14BWG261.2M;Peneira Galv. M14 BWG 26 1,20 m;GALVANIZADO;14;26;1,20;PC;Rolo;No;;;4; 72,14 ;0;0;0;0;0;0;0;0;0;0;0;0;0;0;0;0;No;0;
PNGVM14BWG301.2M;Peneira Galv. M14 BWG 30 1,20 m;GALVANIZADO;14;30;1,20;PC;Rolo;No;;;12; 203,98 ;0;0;0;0;0;0;0;0;0;0;0;0;0;0;0;0;No;0;
PNGVM14BWG311M;Peneira Galv. M14 BWG 31 1,00 m;GALVANIZADO;14;31;1,00;PC;Rolo;No;;;780; 8.674,15 ;0;0;0;0;0;0;0;0;0;0;0;0;0;0;0;0;No;0;
PNGVM14BWG311.2M;Peneira Galv. M14 BWG 31 1,20 m;GALVANIZADO;14;31;1,20;PC;Rolo;No;;;210; 1.350,66 ;0;0;0;0;0;0;0;0;0;0;0;0;0;0;0;0;No;0;
PNGVM14BWG311.50M;Peneira Galv. M14 BWG 31 1,50 m;GALVANIZADO;14;31;1,50;PC;Rolo;No;;;60; 520,22 ;0;0;0;0;0;0;0;0;0;0;0;0;0;0;0;0;No;0;
PNGVM16BWG241,00M;Peneira Galv. M16 BWG 24 1,00m;GALVANIZADO;16;24;1,00;PC;Rolo;No;;;1; -   ;0;0;0;0;0;0;0;0;0;0;0;0;0;0;0;0;No;0;
PNGVM16BWG301M;Peneira Galv. M16 BWG 30 1,00 m;GALVANIZADO;16;30;1,00;PC;Rolo;No;;;6; -   ;0;0;0;0;0;0;0;0;0;0;0;0;0;0;0;0;No;0;
PNGVM16BWG321,02M;Peneira Galv. M16 BWG 32 1,02 m;GALVANIZADO;16;32;1,02;PC;Rolo;No;;;60; -   ;0;0;0;0;0;0;0;0;0;0;0;0;0;0;0;0;No;0;
PNGVM16BWG321.2M;Peneira Galv. M16 BWG 32 1,20 m;GALVANIZADO;16;32;1,20;PC;Rolo;No;;;210; 4.087,73 ;0;0;0;0;0;0;0;0;0;0;0;0;0;0;0;0;No;0;
PNGVM18BWG261M;Peneira Galv. M18 BWG 26 1,00 m;GALVANIZADO;18;26;1,00;PC;Rolo;No;;;80; -   ;0;0;0;0;0;0;0;0;0;0;0;0;0;0;0;0;No;0;
PNGVM18BWG281M;Peneira Galv. M18 BWG 28 1,00 m;GALVANIZADO;18;28;1,00;PC;Rolo;No;;;60; 306,40 ;0;0;0;0;0;0;0;0;0;0;0;0;0;0;0;0;No;0;
PNGVM2BWG161M;Peneira Galv. M2 BWG 16 1,00 m;GALVANIZADO;2;16;1,00;PC;Rolo;No;;;6; -   ;0;0;0;0;0;0;0;0;0;0;0;0;0;0;0;0;No;0;
PNGVM2,5BWG161M;Peneira Galv. M2,5 BWG 16 1,00 m;GALVANIZADO;2.5;16;1,00;PC;Rolo;No;;;30; -   ;0;0;0;0;0;0;0;0;0;0;0;0;0;0;0;0;No;0;
PNGVM2,5BWG181M;Peneira Galv. M2,5 BWG 18 1,00 m;GALVANIZADO;2.5;18;1,00;PC;Rolo;No;;;10; -   ;0;0;0;0;0;0;0;0;0;0;0;0;0;0;0;0;No;0;
PNGVM20BWG281M;Peneira Galv. M20 BWG 28 1,00 m;GALVANIZADO;20;28;1,00;PC;Rolo;No;;;20; -   ;0;0;0;0;0;0;0;0;0;0;0;0;0;0;0;0;No;0;
PNGVM20BWG301M;Peneira Galv. M20 BWG 30 1,00 m;GALVANIZADO;20;30;1,00;PC;Rolo;No;;;6; 18,93 ;0;0;0;0;0;0;0;0;0;0;0;0;0;0;0;0;No;0;
PNGVM20BWG321M;Peneira Galv. M20 BWG 32 1,00 m;GALVANIZADO;20;32;1,00;PC;Rolo;No;;;30; -   ;0;0;0;0;0;0;0;0;0;0;0;0;0;0;0;0;No;0;
PNGVM20BWG321.2M;Peneira Galv. M20 BWG 32 1,20 m;GALVANIZADO;20;32;1,20;PC;Rolo;No;;;60; 115,15 ;0;0;0;0;0;0;0;0;0;0;0;0;0;0;0;0;No;0;
PNGVM26BWG321M;Peneira Galv. M26 BWG 32 1,00 m;GALVANIZADO;26;32;1,00;PC;Rolo;No;;;16; -   ;0;0;0;0;0;0;0;0;0;0;0;0;0;0;0;0;No;0;
PNGVM30BWG301M;Peneira Galv. M30 BWG 30 1,00 m;GALVANIZADO;30;30;1,00;PC;Rolo;No;;;116; -   ;0;0;0;0;0;0;0;0;0;0;0;0;0;0;0;0;No;0;
PNGVM35BWG321M;Peneira Galv. M35 BWG 32 1,00 m;GALVANIZADO;35;32;1,00;PC;Rolo;No;;;6; -   ;0;0;0;0;0;0;0;0;0;0;0;0;0;0;0;0;No;0;
PNGVM4BWG181M;Peneira Galv. M4 BWG 18 1,00 m;GALVANIZADO;4;18;1,00;PC;Rolo;No;;;10; 194,31 ;0;0;0;0;0;0;0;0;0;0;0;0;0;0;0;0;No;0;
PNGVM4BWG181.2M;Peneira Galv. M4 BWG 18 1,20 m;GALVANIZADO;4;18;1,20;PC;Rolo;No;;;36; -   ;0;0;0;0;0;0;0;0;0;0;0;0;0;0;0;0;No;0;
PNGVM4BWG191M;Peneira Galv. M4 BWG 19 1,00 m;GALVANIZADO;4;19;1,00;PC;Rolo;No;;;120; -   ;0;0;0;0;0;0;0;0;0;0;0;0;0;0;0;0;No;0;
PNGVM4BWG201M;Peneira Galv. M4 BWG 20 1,00 m;GALVANIZADO;4;20;1,00;PC;Rolo;No;;;10; 190,60 ;0;0;0;0;0;0;0;0;0;0;0;0;0;0;0;0;No;0;
PNGVM4BWG221M;Peneira Galv. M4 BWG 22 1,00 m;GALVANIZADO;4;22;1,00;PC;Rolo;No;;;120; 2,57 ;0;0;0;0;0;0;0;0;0;0;0;0;0;0;0;0;No;0;
PNGVM4BWG231M;Peneira Galv. M4 BWG 23 1,00 m;GALVANIZADO;4;23;1,00;PC;Rolo;No;;;40; 275,41 ;0;0;0;0;0;0;0;0;0;0;0;0;0;0;0;0;No;0;
PNGVM40BWG321M;Peneira Galv. M40 BWG 32 1,00 m;GALVANIZADO;40;32;1,00;PC;Rolo;No;;;10; -   ;0;0;0;0;0;0;0;0;0;0;0;0;0;0;0;0;No;0;
PNGVM5BWG191,20M;Peneira Galv. M5 BWG 19 1,20 m;GALVANIZADO;5;19;1,20;PC;Rolo;No;;;90; -   ;0;0;0;0;0;0;0;0;0;0;0;0;0;0;0;0;No;0;
PNGVM5BWG201M;Peneira Galv. M5 BWG 20 1,00 m;GALVANIZADO;5;20;1,00;PC;Rolo;No;;;6; 39,80 ;0;0;0;0;0;0;0;0;0;0;0;0;0;0;0;0;No;0;
PNGVM5BWG221M;Peneira Galv. M5 BWG 22 1,00 m;GALVANIZADO;5;22;1,00;PC;Rolo;No;;;63; -   ;0;0;0;0;0;0;0;0;0;0;0;0;0;0;0;0;No;0;
PNGVM6BWG181M;Peneira Galv. M6 BWG 18 1,00 m;GALVANIZADO;6;18;1,00;PC;Rolo;No;;;54; 961,85 ;0;0;0;0;0;0;0;0;0;0;0;0;0;0;0;0;No;0;
PNGVM6BWG201M;Peneira Galv. M6 BWG 20 1,00 m;GALVANIZADO;6;20;1,00;PC;Rolo;No;;;66; -   ;0;0;0;0;0;0;0;0;0;0;0;0;0;0;0;0;No;0;
PNGVM6BWG231M;Peneira Galv. M6 BWG 23 1,00 m;GALVANIZADO;6;23;1,00;PC;Rolo;No;;;121; -   ;0;0;0;0;0;0;0;0;0;0;0;0;0;0;0;0;No;0;
PNGVM6BWG251M;Peneira Galv. M6 BWG 25 1,00 m;GALVANIZADO;6;25;1,00;PC;Rolo;No;;;390; 4.142,23 ;0;0;0;0;0;0;0;0;0;0;0;0;0;0;0;0;No;0;
PNGVM6BWG251.2M;Peneira Galv. M6 BWG 25 1,20 m;GALVANIZADO;6;25;1,20;PC;Rolo;No;;;120; -   ;0;0;0;0;0;0;0;0;0;0;0;0;0;0;0;0;No;0;
PNGVM8BWG221M;Peneira Galv. M8 BWG 22 1,00 m;GALVANIZADO;8;22;1,00;PC;Rolo;No;;;36; -   ;0;0;0;0;0;0;0;0;0;0;0;0;0;0;0;0;No;0;
PNGVM8BWG251M;Peneira Galv. M8 BWG 25 1,00 m;GALVANIZADO;8;25;1,00;PC;Rolo;No;;;210; -   ;0;0;0;0;0;0;0;0;0;0;0;0;0;0;0;0;No;0;
0043291-LB;Tela Tricotada Lisa LB Inox AISI 304L F0,25- 500mm;INOX 304;;0,25;;PC;Tricotada;Sim;;;175; -   ;0;0;0;0;0;0;0;0;0;0;0;0;0;0;0;0;No;0;
